Rk,Player,Pos,Age,Tm,G,MP,PER,TS%,3PAr,FTr,ORB%,DRB%,TRB%,AST%,STL%,BLK%,TOV%,USG%,OWS,DWS,WS,WS/48,OBPM,DBPM,BPM,VORP
1,Giannis Antetokounmpo\antetgi01,PF,25,MIL,63,1917,31.9,0.613,0.237,0.508,7.7,34.8,22.1,34.2,1.5,3,13.2,37.5,6.1,5,11.1,0.279,7.4,4.1,11.5,6.6
2,James Harden\hardeja01,SG,30,HOU,68,2483,29.1,0.626,0.557,0.528,2.9,16,9.4,35.9,2.3,2.1,14.2,36.3,9.9,3.2,13.1,0.254,8.1,1.6,9.6,7.3
3,Kawhi Leonard\leonaka01,SF,28,LAC,57,1848,26.9,0.589,0.287,0.355,3.1,19.1,11.3,26.4,2.6,1.6,10.2,33,5.4,3.3,8.7,0.226,6.5,2.4,8.9,5.1
4,Luka Dončić\doncilu01,PG,20,DAL,61,2047,27.6,0.585,0.431,0.448,4.1,25,14.7,45.7,1.5,0.6,14.8,36.8,6.5,2.3,8.8,0.207,7.4,1,8.4,5.4
5,LeBron James\jamesle01,PG,35,LAL,67,2316,25.5,0.577,0.326,0.292,3.2,21.5,12.4,49.1,1.6,1.4,15.1,31.5,6.2,3.6,9.8,0.204,6.6,1.8,8.4,6.1
6,Anthony Davis\davisan02,PF,26,LAL,62,2131,27.4,0.61,0.199,0.479,7.4,22.1,14.8,15.1,2,6,10.4,29.3,6.7,4.4,11.1,0.25,5.4,2.6,8,5.4
7,Karl-Anthony Towns\townska01,C,24,MIN,35,1187,26.5,0.642,0.445,0.363,8.1,26.1,16.8,22.8,1.3,2.9,13.2,28.8,3.7,1.3,5.1,0.204,7,0.8,7.8,2.9
8,Damian Lillard\lillada01,PG,29,POR,66,2474,26.9,0.627,0.5,0.384,1.4,10.5,6,34.4,1.3,0.8,11,30.3,10.9,0.7,11.6,0.225,8.3,-0.9,7.5,5.9
9,Nikola Jokić\jokicni01,C,24,DEN,73,2336,24.9,0.605,0.238,0.281,8,26.1,17.1,35.2,1.8,1.7,15.8,26.6,6.7,3.1,9.8,0.202,5.5,2,7.4,5.5
10,Jimmy Butler\butleji01,SF,30,MIA,58,1959,23.6,0.585,0.157,0.693,6.3,15.4,11,28.1,2.6,1.6,11.4,25.1,6.3,2.7,9,0.221,4,1.5,5.4,3.7
11,Paul George\georgpa01,SF,29,LAC,48,1419,21.1,0.589,0.487,0.277,1.8,17.7,10,21.1,2.3,1.2,12.5,29.6,2.5,2.3,4.8,0.161,3.8,1.1,4.9,2.5
12,Joel Embiid\embiijo01,C,25,PHI,51,1506,25.8,0.59,0.215,0.543,10.3,33.2,21.7,16.9,1.4,3.7,13.8,32.9,3.3,2.7,6,0.192,3.7,1,4.7,2.5
13,Kemba Walker\walkeke02,PG,29,BOS,56,1742,20,0.575,0.532,0.272,2.2,11,6.7,24.2,1.3,1.5,10.5,27.2,3.9,2,5.9,0.162,4.9,-0.3,4.6,2.9
14,Chris Paul\paulch01,PG,34,OKC,70,2208,21.7,0.61,0.343,0.315,1.3,15.7,8.7,34,2.4,0.4,13.8,23.3,5.9,3,8.9,0.193,3,1.4,4.4,3.5
15,Nikola Vučević\vucevni01,C,29,ORL,62,1998,21.9,0.549,0.28,0.162,7.3,29.7,18.1,19.5,1.3,2.1,7.4,25.8,3.5,2.9,6.4,0.153,3.7,0.5,4.2,3.1
16,Khris Middleton\middlkh01,SF,28,MIL,62,1853,21.1,0.619,0.374,0.24,2.5,17,10.2,22.2,1.3,0.3,11.6,26.4,4.6,3.3,7.9,0.205,3.4,0.7,4.1,2.9
17,Jayson Tatum\tatumja01,PF,21,BOS,66,2265,20.4,0.567,0.383,0.255,3.1,18.5,10.9,14.5,2,2.3,10.2,28.6,3.2,3.7,6.9,0.146,3.5,0.6,4,3.4
18,Trae Young\youngtr01,PG,21,ATL,60,2120,23.9,0.595,0.455,0.448,1.6,11.5,6.5,45.6,1.4,0.3,16.2,34.9,5.3,0.6,5.9,0.133,6.2,-2.3,3.9,3.1
19,Rudy Gobert\goberru01,C,27,UTA,68,2333,21.7,0.699,0,0.724,11.2,31.3,21.6,6.5,1.1,4.8,15,16.2,6.5,4.2,10.7,0.221,1.7,1.9,3.6,3.3
20,Ben Simmons\simmobe01,PG,23,PHI,57,2017,20.4,0.602,0.011,0.461,6.2,18.2,12.2,33.8,2.9,1.4,20.4,20.9,3.8,3.1,6.9,0.165,1.3,2.3,3.6,2.8
21,Bam Adebayo\adebaba01,PF,22,MIA,72,2417,20.3,0.598,0.018,0.484,8.5,24.9,17,24.2,1.7,3.8,17.6,21.2,4.6,3.9,8.5,0.168,1.4,2,3.4,3.3
22,Danilo Gallinari\gallida01,PF,31,OKC,62,1834,19.5,0.612,0.537,0.365,2.1,16.8,9.7,10.3,1.1,0.2,7.4,24.6,4.5,1.9,6.3,0.166,4.1,-0.9,3.3,2.4
23,Kyle Lowry\lowryky01,PG,33,TOR,58,2098,17.7,0.59,0.58,0.427,1.6,12.8,7.3,30.6,1.9,1.2,15.7,23.1,4.2,3.3,7.5,0.171,2.2,1,3.2,2.8
24,Domantas Sabonis\sabondo01,PF,23,IND,62,2159,20.7,0.586,0.079,0.349,9.7,29.3,19.6,21.7,1.1,1.2,14.8,23.3,4.1,3.4,7.5,0.168,2,1.2,3.2,2.9
25,Hassan Whiteside\whiteha01,C,30,POR,67,2008,25,0.644,0.01,0.34,13.6,33.3,23.6,5.9,0.6,8.4,12.9,19.6,5.6,3,8.5,0.204,2.5,0.7,3.2,2.6
26,John Collins\collijo01,PF,22,ATL,41,1363,23.5,0.659,0.243,0.248,9,24,16.4,7.6,1.1,4.1,10.1,22.7,3.8,1.2,4.9,0.174,3.7,-0.6,3.1,1.7
27,Christian Wood\woodch01,PF,24,DET,62,1325,23.2,0.659,0.276,0.476,8.8,24.8,16.7,7.6,1.3,3.4,12,23,3.6,1.5,5.1,0.183,3.5,-0.3,3.1,1.7
28,Steven Adams\adamsst01,C,26,OKC,63,1680,20.5,0.604,0.006,0.421,14,24,19.2,13.2,1.5,3.4,14.2,17.3,3.8,2.7,6.5,0.185,1.9,1.1,2.9,2.1
29,Bradley Beal\bealbr01,SG,26,WAS,57,2053,23.2,0.579,0.369,0.351,2.7,10.5,6.4,29.5,1.6,1,11.4,34.4,4.5,0.6,5.1,0.118,5.3,-2.4,2.9,2.5
30,Montrezl Harrell\harremo01,C,26,LAC,63,1749,23.2,0.607,0.022,0.432,9.9,16.3,13.2,10.3,1.1,3.6,10.1,25.7,4.4,2.5,7,0.191,2.5,0.5,2.9,2.2
31,Mitchell Robinson\robinmi01,C,21,NYK,61,1412,23.5,0.726,0,0.434,13.7,18.8,16.2,3.9,1.8,8,8.3,13.3,4.8,2,6.8,0.23,1.6,1.4,2.9,1.8
32,Ivica Zubac\zubaciv01,C,22,LAC,72,1326,21.7,0.651,0.005,0.431,15.9,26.4,21.3,9.1,0.6,4.4,11.8,16.4,4.4,2.3,6.6,0.241,1.9,0.8,2.8,1.6
33,Gordon Hayward\haywago01,SF,29,BOS,52,1740,18.1,0.595,0.317,0.207,3.4,17.8,10.7,18.7,1.1,1.2,11.2,21.1,3.5,2.2,5.7,0.158,2.6,0.1,2.7,2
34,Fred VanVleet\vanvlfr01,SG,25,TOR,54,1928,16.3,0.553,0.484,0.256,1,9.9,5.6,27.7,2.5,0.9,12.3,21.7,2.8,3.1,5.8,0.145,1.2,1.4,2.7,2.3
35,Zach LaVine\lavinza01,SG,24,CHI,60,2085,19.4,0.568,0.404,0.279,2.1,13.8,7.7,21.7,2,1.3,13.3,31.7,1.8,2.2,4,0.091,3.2,-0.8,2.4,2.4
36,Daniel Theis\theisda01,C,27,BOS,65,1566,17.9,0.631,0.225,0.268,9.7,19.3,14.6,10.1,1.1,5,10.2,14.4,4,2.6,6.5,0.201,0.6,1.8,2.4,1.7
37,Jonas Valančiūnas\valanjo01,C,27,MEM,70,1845,22.2,0.631,0.123,0.271,12.4,32.2,22.5,10.9,0.8,3.6,13.3,21.5,4.2,2.8,7,0.182,2.1,0.2,2.4,2
38,Jarrett Allen\allenja01,C,21,BRK,70,1852,20.7,0.664,0.013,0.581,12.3,24.9,18.7,8.9,1,4.2,11.7,14.9,5.2,2.9,8.2,0.212,1.4,1,2.3,2
39,Patrick Beverley\beverpa01,PG,31,LAC,51,1342,12.5,0.56,0.604,0.138,4.5,15.8,10.3,18.2,1.9,1.6,15.4,13.3,1.6,2,3.6,0.128,-0.3,2.5,2.2,1.4
40,Devin Booker\bookede01,SG,23,PHO,70,2512,20.6,0.618,0.31,0.397,1.3,12,6.6,30,0.9,0.6,14.9,30,6,1.5,7.5,0.143,3.4,-1.3,2.2,2.6
41,Al Horford\horfoal01,C,33,PHI,67,2025,15.7,0.536,0.399,0.113,5.6,19.3,12.4,19.2,1.2,2.6,9.7,17.5,2.8,2.6,5.4,0.128,1.3,1,2.2,2.2
42,Derrick Rose\rosede01,PG,31,DET,50,1298,21,0.555,0.195,0.185,2.3,8.3,5.3,40.5,1.5,1,13.4,31.6,1.8,0.7,2.5,0.092,3.9,-1.7,2.2,1.4
43,Brandon Ingram\ingrabr01,PF,22,NOP,62,2104,18.8,0.587,0.35,0.336,2.6,16.6,9.6,19.3,1.3,1.5,13.1,28.1,3.3,1.8,5.1,0.115,2.5,-0.4,2.1,2.2
44,Brook Lopez\lopezbr01,C,31,MIL,68,1817,15,0.551,0.484,0.227,3.4,13,8.5,7.4,1.2,7.9,8.7,18.3,1.4,4.1,5.5,0.145,-0.4,2.5,2,1.9
45,Kevin Love\loveke01,PF,31,CLE,56,1780,17.9,0.599,0.536,0.301,3.3,31.1,17.1,15.4,0.9,0.9,14.5,23.1,2.5,1.3,3.8,0.101,2.6,-0.5,2,1.8
46,Norman Powell\powelno01,SG,26,TOR,52,1479,16.8,0.624,0.457,0.256,1.9,11.4,6.8,9.7,1.9,1.4,10.4,21.5,2.3,2.3,4.6,0.15,1.2,0.8,2,1.5
47,DeMar DeRozan\derozde01,SF,30,SAS,68,2316,21.6,0.603,0.033,0.43,2,15.4,8.7,26.1,1.4,0.8,11.6,26.3,5.9,1.3,7.3,0.151,2.3,-0.4,1.9,2.3
48,Donovan Mitchell\mitchdo01,SG,23,UTA,69,2364,18.8,0.558,0.352,0.24,2.6,11.3,7.1,21.6,1.4,0.5,11,30.8,3.2,2.2,5.4,0.11,2.4,-0.6,1.9,2.3
49,Kristaps Porziņģis\porzikr01,C,24,DAL,57,1814,20.2,0.551,0.432,0.304,5.9,25.1,15.6,8.8,1.1,5.4,8,27,2.6,2.6,5.2,0.138,1.8,0.1,1.9,1.8
50,D'Angelo Russell\russeda01,PG,23,TOT,45,1452,18.7,0.556,0.509,0.235,1.2,12.3,6.6,35.2,1.6,0.8,13.6,31.5,1.1,0.7,1.8,0.06,3.8,-1.9,1.9,1.4
51,Delon Wright\wrighde01,PG,27,DAL,73,1570,15.4,0.554,0.309,0.243,4.7,13.8,9.4,21,2.6,1.2,13.8,14.4,2.6,1.8,4.4,0.134,0,1.8,1.9,1.5
52,Eric Bledsoe\bledser01,PG,30,MIL,61,1646,17.6,0.571,0.306,0.304,2.8,13.5,8.5,28.7,1.6,1.4,15.7,23.7,2.4,3,5.4,0.157,0.8,1.1,1.8,1.6
53,Malcolm Brogdon\brogdma01,PG,27,IND,54,1666,17.7,0.541,0.309,0.25,3.1,14.1,8.6,33.8,1,0.5,13.7,25.2,2.3,1.7,4,0.114,2.3,-0.5,1.8,1.6
54,Spencer Dinwiddie\dinwisp01,PG,26,BRK,64,1994,17.8,0.541,0.392,0.437,1.7,9.6,5.7,35,0.9,0.9,12.5,29.2,3.2,1.6,4.8,0.116,2.7,-0.8,1.8,1.9
55,De'Aaron Fox\foxde01,PG,22,SAC,51,1634,20.6,0.558,0.227,0.42,2.4,11.4,6.8,35.3,2.2,1.5,14.1,29.8,2.6,1.4,4,0.118,2.3,-0.5,1.8,1.6
56,Jrue Holiday\holidjr01,SG,29,NOP,61,2117,17,0.537,0.344,0.181,3.8,10.9,7.3,29.1,2.2,1.9,14.5,24.5,2,1.9,3.9,0.088,1.6,0.2,1.8,2
57,Pascal Siakam\siakapa01,PF,25,TOR,60,2110,17.9,0.554,0.331,0.274,3.3,18.3,11,16.4,1.4,2.5,10.7,28.1,1.8,3.6,5.4,0.123,1.3,0.5,1.8,2
58,Nemanja Bjelica\bjeline01,PF,31,SAC,72,2011,15.7,0.602,0.49,0.129,6.1,19.9,12.8,14.7,1.5,1.9,12.5,17,3.4,1.9,5.3,0.127,1.2,0.5,1.7,1.9
59,Shai Gilgeous-Alexander\gilgesh01,SG,21,OKC,70,2428,17.7,0.568,0.247,0.352,2.2,16.1,9.4,15.2,1.6,1.7,10.3,23.7,3.1,3,6.1,0.121,1.3,0.4,1.7,2.2
60,Larry Nance Jr.\nancela02,PF,27,CLE,56,1472,17.3,0.608,0.369,0.172,7.9,23.1,15.4,12.3,1.9,1.3,11.5,15.2,2.8,1.1,3.9,0.128,1.4,0.4,1.7,1.4
61,Russell Westbrook\westbru01,PG,31,HOU,57,2049,21,0.536,0.166,0.297,5.1,18.1,11.5,35.6,2.1,0.8,15,34.4,1.7,2.5,4.2,0.098,1.6,-0.1,1.5,1.8
62,LaMarcus Aldridge\aldrila01,C,34,SAS,53,1754,19.7,0.571,0.198,0.241,6.3,17.8,12,11.4,1,4.4,7.8,23.4,3,1.4,4.5,0.122,1.8,-0.5,1.4,1.5
63,Marcus Smart\smartma01,SG,25,BOS,60,1919,13.8,0.518,0.579,0.223,2.4,10.1,6.3,21.1,2.5,1.4,12.1,18.9,1.7,2.8,4.5,0.112,0,1.4,1.4,1.6
64,Donte DiVincenzo\divindo01,SG,23,MIL,66,1520,14.1,0.557,0.484,0.169,4.6,15.5,10.3,13.6,2.6,1.2,14.1,17.3,1,3.2,4.3,0.135,-1.1,2.4,1.3,1.3
65,Justin Holiday\holidju01,SF,30,IND,73,1826,12.1,0.585,0.681,0.138,1.9,12.2,7.1,6.7,2.3,2.2,7.9,13.4,1.6,2.6,4.2,0.112,-0.5,1.8,1.3,1.5
66,Derrick White\whitede01,SG,25,SAS,68,1677,16.4,0.593,0.391,0.382,2.3,12.1,7.2,20,1.3,3.1,12.1,18.9,3.1,1.1,4.2,0.119,1.2,0.1,1.3,1.4
67,OG Anunoby\anunoog01,SF,22,TOR,69,2066,13.2,0.6,0.403,0.18,4.2,14.2,9.3,7.5,2.2,2.1,11.5,14.3,2.1,3.7,5.7,0.134,-0.8,1.9,1.2,1.7
68,Jamal Murray\murraja01,PG,22,DEN,59,1904,17.7,0.559,0.362,0.207,2.7,11.2,6.9,22.9,1.7,0.8,11.5,25.2,2.8,1.5,4.3,0.107,2,-0.8,1.2,1.5
69,Will Barton\bartowi01,SF,29,DEN,58,1916,15.6,0.549,0.39,0.18,4.5,16.9,10.7,16,1.6,1.4,9.9,20.1,2.4,1.8,4.2,0.106,1.2,-0.2,1.1,1.5
70,Jordan Clarkson\clarkjo01,SG,27,TOT,71,1705,17.3,0.574,0.476,0.19,3.3,8.7,6.1,13.2,1.3,0.8,9.4,26.3,2.4,1,3.4,0.096,2.4,-1.3,1.1,1.3
71,Buddy Hield\hieldbu01,SG,27,SAC,72,2216,16,0.566,0.592,0.117,2.8,14.1,8.3,15.5,1.4,0.7,12.1,27.2,1.4,1.5,3,0.064,2.5,-1.4,1.1,1.7
72,T.J. Warren\warretj01,SF,26,IND,67,2202,18.4,0.61,0.227,0.205,3.4,10.5,7,7.1,1.7,1.4,7.2,23.3,4,2.6,6.5,0.143,1.2,0,1.1,1.7
73,Evan Fournier\fournev01,SF,27,ORL,66,2076,16.4,0.595,0.467,0.237,0.9,8.2,4.4,16.6,1.7,0.7,10.9,23.9,2.9,1.7,4.6,0.106,1.4,-0.4,1,1.6
74,Ricky Rubio\rubiori01,PG,29,PHO,65,2016,16.5,0.535,0.312,0.327,2.5,14.4,8.4,39.7,2.2,0.5,17.9,20.4,2.9,2,4.9,0.117,0.7,0.2,1,1.5
75,Dāvis Bertāns\bertada01,PF,27,WAS,54,1583,15.5,0.628,0.774,0.2,2.3,15.1,8.5,8.4,1.1,1.8,8.2,19,3,0.5,3.5,0.107,2.7,-1.8,0.9,1.1
76,Andre Drummond\drumman01,C,26,TOT,57,1879,22,0.553,0.045,0.375,14.9,37.5,26,13.6,2.8,4.2,18.2,25.9,0.6,3.6,4.2,0.108,-0.1,1.1,0.9,1.4
77,Royce O'Neale\onealro01,SF,26,UTA,71,2049,9.5,0.578,0.668,0.151,1.5,18.8,10.4,11.6,1.4,1.3,13.5,9.6,1.8,2.5,4.3,0.101,-1.3,2.2,0.9,1.5
78,Mikal Bridges\bridgmi01,SF,23,PHO,73,2042,12.9,0.62,0.401,0.252,3.5,12.4,7.9,8.6,2.4,2,12,12.7,2.5,2.3,4.8,0.113,-0.6,1.5,0.8,1.5
79,Jaylen Brown\brownja02,SG,23,BOS,57,1934,16.9,0.583,0.381,0.274,3.5,16.5,10.1,9.7,1.6,1,11.2,24.7,2.3,2.6,4.9,0.123,1,-0.2,0.8,1.4
80,Seth Curry\curryse01,SG,29,DAL,64,1576,15.5,0.643,0.559,0.169,1.8,7.8,4.8,11.6,1.2,0.5,9.1,18.4,3.5,0.8,4.3,0.13,1.7,-0.9,0.8,1.2
81,Tobias Harris\harrito02,PF,27,PHI,72,2469,17.2,0.556,0.304,0.184,3.1,19.1,11.1,14.6,1,1.4,7.6,23.9,3.5,2.7,6.2,0.121,1.3,-0.5,0.8,1.8
82,Lou Williams\willilo02,PG,33,LAC,65,1864,17.3,0.546,0.337,0.362,1.8,9.2,5.6,30.1,1.1,0.6,14.4,28.4,2.3,1.8,4.1,0.105,2.2,-1.4,0.8,1.3
83,Joe Ingles\inglejo01,PF,32,UTA,72,2137,12.6,0.595,0.638,0.17,1.4,12.5,7.2,24.4,1.5,0.4,19.3,15.1,2.7,2.1,4.8,0.108,0,0.7,0.7,1.5
84,Derrick Jones Jr.\jonesde02,SF,22,MIA,59,1375,14.9,0.62,0.378,0.352,5.6,13.1,9.5,6.7,2.1,2.7,6.9,13.9,2.6,1.8,4.4,0.153,-0.3,1.1,0.7,1
85,J.J. Redick\redicjj01,SG,35,NOP,60,1581,15.4,0.644,0.629,0.293,0.7,9.5,5.1,10.8,0.6,0.5,9.5,20.4,3.6,0.6,4.1,0.125,2.3,-1.7,0.7,1.1
86,Lonzo Ball\balllo01,PG,22,NOP,63,2025,13.1,0.517,0.575,0.111,3.7,16.4,10,29.1,2,1.6,21.1,18.5,0.4,2,2.4,0.058,0.1,0.6,0.6,1.3
87,Bogdan Bogdanović\bogdabo01,SG,27,SAC,61,1766,15.1,0.565,0.576,0.151,1.6,11.8,6.6,18,1.8,0.8,11.1,22.6,1.8,1.3,3.1,0.084,1.2,-0.5,0.6,1.2
88,Marquese Chriss\chrisma01,PF,22,GSW,59,1196,19.5,0.604,0.101,0.405,10,23.6,16.5,15.3,1.6,4.7,14.7,19,2.1,1.3,3.4,0.136,0,0.6,0.6,0.8
89,Alec Burks\burksal01,SF-SG,28,TOT,66,1754,16.7,0.561,0.392,0.345,2.9,14.9,8.7,17.2,1.7,0.9,9.3,23.8,2.5,1.2,3.7,0.101,1.2,-0.7,0.5,1.1
90,Devonte' Graham\grahade01,PG,24,CHO,63,2211,15.8,0.537,0.607,0.242,2,8.7,5.2,35.3,1.4,0.6,14.5,24.8,2.4,0.9,3.4,0.073,2.5,-2.1,0.5,1.4
91,Danny Green\greenda02,SG,32,LAL,68,1687,10.8,0.552,0.69,0.101,3.3,11.2,7.3,7.1,2.4,1.7,11.3,13.9,0.8,2.5,3.4,0.096,-1.1,1.5,0.5,1.1
92,CJ McCollum\mccolcj01,SG,28,POR,70,2556,17,0.541,0.378,0.136,1.9,10.2,6.1,19.1,1,1.4,8.1,25.9,3.5,0.6,4.1,0.077,2.3,-1.8,0.5,1.6
93,Duncan Robinson\robindu01,SG,25,MIA,73,2166,13.1,0.684,0.882,0.105,0.5,11,6,7.1,0.8,0.9,8.9,16,3.7,1.6,5.3,0.118,1.5,-1,0.5,1.3
94,Jaren Jackson Jr.\jacksja02,C,20,MEM,57,1622,16.3,0.593,0.489,0.247,3.6,13.2,8.5,7.2,1.2,5,10.6,24,1.6,1.8,3.5,0.103,0.3,0.1,0.4,1
95,Maxi Kleber\klebima01,PF,28,DAL,74,1890,13.6,0.605,0.621,0.181,6.3,15.1,10.8,6.3,0.6,3.8,9.5,13.9,3.2,1.7,4.8,0.123,0.4,0,0.4,1.1
96,Dejounte Murray\murrade01,PG,23,SAS,66,1687,16.2,0.524,0.174,0.179,4.4,20.1,12.2,23.1,3.1,0.9,15.4,20.8,0.7,2,2.6,0.074,-0.9,1.3,0.4,1
97,Mike Conley\conlemi01,PG,32,UTA,47,1363,14.1,0.537,0.451,0.245,2.8,9.2,6.1,23.1,1.3,0.3,12.8,23.1,1.4,1.1,2.5,0.089,0.7,-0.4,0.3,0.8
98,Ja Morant\moranja01,PG,20,MEM,67,2074,17.4,0.556,0.191,0.329,2.6,10.4,6.6,35.2,1.3,0.8,17,25.9,2.3,1.5,3.8,0.088,1.5,-1.2,0.3,1.2
99,Dwight Howard\howardw01,C,34,LAL,69,1306,18.7,0.696,0.018,0.773,14.6,27.8,21.2,4.8,1.1,5.4,18.5,14.7,2.8,2.6,5.4,0.197,-1,1.2,0.2,0.7
100,Bojan Bogdanović\bogdabo02,SF,30,UTA,63,2083,15.6,0.603,0.489,0.296,2.1,11.2,6.8,10,0.8,0.3,13.1,25.5,2.6,1.6,4.2,0.096,1.6,-1.5,0.1,1.1
101,Serge Ibaka\ibakase01,C,30,TOR,55,1485,17.3,0.583,0.272,0.185,8.3,23.5,16.1,8.6,0.9,3,13.1,24,1.2,2.7,3.9,0.126,0.1,0,0.1,0.8
102,Myles Turner\turnemy01,C,23,IND,62,1826,14.8,0.566,0.426,0.288,5.2,19.1,12.2,5.4,1.2,6.4,11.4,17.9,1.1,3.1,4.2,0.111,-1,1.1,0.1,1
103,Robert Covington\covinro01,PF-C,29,TOT,70,2137,13.3,0.559,0.664,0.172,3,20.2,11.4,5.9,2.5,3.7,11.7,17,0.7,3,3.7,0.083,-1.2,1.3,0,1.1
104,Aaron Gordon\gordoaa01,PF,24,ORL,62,2017,15.1,0.516,0.309,0.292,5.5,20.3,12.7,17.4,1.2,1.7,10.4,20.7,1.4,2.3,3.7,0.087,-0.1,0.1,0,1
105,Doug McDermott\mcderdo01,PF,28,IND,69,1372,14.4,0.62,0.537,0.106,2.1,11.7,7,8.4,0.4,0.3,6.8,19.6,2.3,1.1,3.3,0.117,1.4,-1.3,0,0.7
106,Patty Mills\millspa02,PG,31,SAS,66,1485,14.8,0.592,0.674,0.187,1.6,6.2,3.9,11.4,1.7,0.4,7.7,20.4,2.3,0.5,2.8,0.091,1.2,-1.2,0,0.8
107,Elfrid Payton\paytoel01,PG,25,NYK,45,1246,16,0.47,0.157,0.195,4.3,14.1,9.1,38.6,2.7,1.3,16.7,19.5,0.5,1.2,1.7,0.065,-0.4,0.4,0,0.6
108,Dennis Schröder\schrode01,PG,26,OKC,65,1999,16.7,0.575,0.337,0.245,1.1,11.6,6.5,21.9,1.1,0.6,13.4,27.2,1.9,1.8,3.6,0.087,1.1,-1.1,0,1
109,Jae Crowder\crowdja01,SF-PF,29,TOT,65,1875,12.5,0.553,0.7,0.222,3,18.5,11,11.5,1.8,1.2,10,15.5,1.6,2.2,3.8,0.098,-0.5,0.4,-0.1,0.9
110,Goran Dragić\dragigo01,PG,33,MIA,59,1663,16.3,0.573,0.467,0.34,2,10.2,6.3,29.2,1.2,0.6,14.8,25.9,2.2,1.3,3.5,0.102,1.4,-1.6,-0.1,0.8
111,Tim Hardaway Jr.\hardati02,SG,27,DAL,71,2091,14.5,0.581,0.58,0.206,1.3,10.2,5.8,9.7,0.9,0.2,6.7,21.1,3.4,1.1,4.4,0.102,1.2,-1.4,-0.1,1
112,Marcus Morris\morrima03,SF-PF,30,TOT,62,1936,14.3,0.57,0.43,0.272,3.2,14,8.5,6.8,1.2,1.4,9.7,21.9,2.1,1.5,3.6,0.088,0.6,-0.7,-0.1,0.9
113,Dorian Finney-Smith\finnedo01,PF,26,DAL,71,2120,12.3,0.595,0.58,0.207,7.3,12.7,10,7.2,1,1.6,10.8,12.9,3.3,1.5,4.9,0.11,0.1,-0.3,-0.2,0.9
114,Draymond Green\greendr01,PF,29,GSW,43,1222,12.5,0.489,0.408,0.263,2,22.3,11.8,31.2,2.3,2.4,21.8,15.7,-0.2,1.3,1.1,0.044,-2.1,1.9,-0.2,0.6
115,Joe Harris\harrijo01,SF,28,BRK,69,2123,13.3,0.606,0.518,0.114,3.2,11.2,7.3,10.4,0.9,0.7,11.2,18.3,2.5,1.8,4.3,0.097,0.4,-0.6,-0.2,1
116,Monte Morris\morrimo01,PG,24,DEN,73,1636,14.9,0.545,0.304,0.157,1.6,7.7,4.7,22.1,1.7,1,8.1,17.5,2.7,1.1,3.8,0.112,0.4,-0.5,-0.2,0.8
117,Caris LeVert\leverca01,SG,25,BRK,45,1330,16.1,0.514,0.301,0.269,3.9,10.7,7.4,25,1.9,0.6,12.6,29.5,0.1,1.4,1.5,0.055,0.6,-0.9,-0.3,0.5
118,Julius Randle\randlju01,PF,25,NYK,64,2080,17.5,0.538,0.23,0.35,7.5,24.9,16,15.8,1.2,1,14.3,27.6,0.9,1.8,2.7,0.062,0.7,-1,-0.3,0.9
119,Andrew Wiggins\wiggian01,SF,24,TOT,54,1858,16.4,0.536,0.342,0.274,3.6,12.3,7.8,18.1,1.1,2.4,10.7,27.4,0.8,1.1,1.9,0.05,1.1,-1.4,-0.3,0.8
120,Terrence Ross\rosste01,SG,28,ORL,69,1889,14,0.548,0.596,0.217,0.7,12.3,6.3,6.8,2,1.1,7,22.8,1.1,2,3,0.077,-0.1,-0.3,-0.4,0.8
121,Terry Rozier\roziete01,PG,25,CHO,63,2164,14.8,0.553,0.45,0.202,2.4,11.8,7,20.4,1.4,0.4,12.1,23.7,1.9,1.1,3,0.066,0.8,-1.2,-0.4,0.8
122,Dario Šarić\saricda01,PF,25,PHO,66,1632,14.2,0.592,0.437,0.238,6.7,21.1,13.8,10.8,1.1,0.9,12.9,17.8,2.1,1.5,3.6,0.105,-0.1,-0.3,-0.4,0.7
123,Trevor Ariza\arizatr01,SF,34,TOT,53,1493,11,0.593,0.639,0.228,2.5,15.7,9,8,2.2,0.9,13.6,11.8,1.3,1.2,2.5,0.081,-1.4,0.9,-0.5,0.5
124,Jerami Grant\grantje01,PF,25,DEN,71,1892,14.4,0.591,0.397,0.309,3.4,11.2,7.3,6.6,1.3,2.8,8,18,2.8,1.6,4.4,0.111,0.1,-0.6,-0.5,0.7
125,Ben McLemore\mclembe01,SF,26,HOU,71,1619,11.8,0.622,0.829,0.123,1.3,8.9,5.1,5.2,1.3,0.8,8,16,2.2,1.1,3.3,0.099,0,-0.6,-0.5,0.6
126,Kelly Oubre Jr.\oubreke01,SF,24,PHO,56,1933,14.9,0.56,0.372,0.298,3.8,17.1,10.4,6.6,1.7,1.8,8.2,22.4,1.7,2.1,3.8,0.093,-0.3,-0.3,-0.5,0.7
127,Kris Dunn\dunnkr01,PG,25,CHI,51,1269,12.1,0.51,0.327,0.158,1.9,14.9,8.1,19.4,3.8,1.3,15.7,14.6,0.3,2,2.3,0.085,-3.7,3.1,-0.6,0.4
128,Lauri Markkanen\markkla01,PF,22,CHI,50,1492,14.3,0.56,0.536,0.259,4.2,19.7,11.6,7.6,1.4,1.5,11,21.1,1,1.6,2.6,0.084,0.2,-0.8,-0.6,0.5
129,Brad Wanamaker\wanambr01,PG,30,BOS,71,1369,12.8,0.577,0.282,0.376,1.7,9.4,5.6,17.8,2.2,0.9,15.3,15.5,1.8,1.8,3.5,0.124,-1.9,1.3,-0.6,0.5
130,Cody Zeller\zelleco01,C,27,CHO,58,1341,18.8,0.576,0.157,0.374,12.6,21.2,16.7,11.3,1.5,1.7,11.9,20.8,2.3,1.3,3.6,0.129,0.2,-0.8,-0.6,0.5
131,Maurice Harkless\harklma01,PF-SF,26,TOT,62,1427,9.8,0.572,0.346,0.233,4.1,13.3,8.8,6.4,1.9,2.1,14.5,10.7,0.8,1.9,2.7,0.09,-2.6,1.9,-0.7,0.5
132,Josh Hart\hartjo01,SF,24,NOP,65,1755,11.9,0.563,0.665,0.216,3.7,22.1,12.8,8.2,1.7,1.1,11.4,15.3,1.3,1.8,3.1,0.085,-1.1,0.4,-0.7,0.6
133,Danuel House\houseda01,SF,26,HOU,63,1913,11.3,0.572,0.659,0.167,3.1,11.6,7.3,6.1,1.6,1.5,8.5,13.7,1.9,1.8,3.6,0.091,-0.8,0,-0.7,0.6
134,Kentavious Caldwell-Pope\caldwke01,SG,26,LAL,69,1762,11,0.584,0.471,0.201,2.4,6.4,4.4,8.5,1.5,0.7,10.1,14.7,1.9,1.9,3.7,0.102,-1.2,0.4,-0.8,0.5
135,Langston Galloway\gallola01,SG,28,DET,66,1702,12.3,0.584,0.611,0.157,2.2,7.8,5,8.8,1.4,0.5,6.5,15.9,2.4,0.7,3.1,0.087,0,-0.9,-0.8,0.5
136,Rudy Gay\gayru01,PF,33,SAS,67,1461,15.4,0.553,0.369,0.228,4.5,22.2,13.4,11.3,1.1,2,11.8,22,0.9,1.1,2.1,0.068,0,-0.9,-0.8,0.4
137,Shabazz Napier\napiesh01,PG,28,TOT,56,1344,13.8,0.552,0.526,0.336,2,10.9,6.3,27.8,2.4,0.7,19.7,20,0.8,0.9,1.7,0.059,-0.7,-0.4,-1.1,0.3
138,Bobby Portis\portibo01,PF,24,NYK,66,1393,14.6,0.53,0.317,0.158,6,20.4,12.9,11.1,1.1,1.2,10.4,21.4,0.9,1,1.9,0.064,0,-1.1,-1.1,0.3
139,Garrett Temple\templga01,SG,33,BRK,62,1730,10.5,0.513,0.658,0.148,1.8,11.1,6.5,12.8,1.3,1.4,9,16.6,0.7,1.7,2.4,0.066,-1.4,0.3,-1.1,0.4
140,Bruce Brown\brownbr01,PG,23,DET,58,1634,11.9,0.518,0.215,0.266,4.2,15,9.5,20.4,1.9,1.5,16.7,16,0.7,1.4,2.1,0.062,-2,0.8,-1.2,0.3
141,Thaddeus Young\youngth01,PF,31,CHI,64,1591,13.3,0.521,0.369,0.12,6.2,16.1,10.9,11.3,2.8,1.4,13.9,19.7,-0.2,2.1,1.9,0.058,-1.4,0.2,-1.2,0.3
142,Harrison Barnes\barneha02,PF,27,SAC,72,2482,13.3,0.574,0.338,0.337,3.4,12.9,8.1,9.2,0.8,0.5,8.8,17.4,3.4,1.1,4.6,0.088,0,-1.3,-1.3,0.5
143,Troy Brown Jr.\browntr01,SF,20,WAS,69,1782,13.7,0.524,0.288,0.223,4.5,19.6,11.7,14.1,2.2,0.3,10.4,17.8,1.3,1.2,2.4,0.065,-0.8,-0.4,-1.3,0.3
144,Furkan Korkmaz\korkmfu01,SG,22,PHI,72,1559,12,0.579,0.632,0.181,1.3,10.6,6,7.3,1.3,0.9,8.8,18.4,1.4,1.4,2.8,0.085,-0.3,-1,-1.3,0.3
145,Tomáš Satoranský\satorto01,SG,28,CHI,65,1878,13.5,0.533,0.361,0.22,4.3,11,7.5,27.1,2.1,0.4,17.7,16.7,1.8,1.7,3.5,0.09,-1.1,-0.2,-1.3,0.3
146,Ish Smith\smithis01,PG,31,WAS,68,1787,13.9,0.509,0.245,0.125,1.8,12,6.7,27.1,1.5,1.5,11.6,19.1,1.3,0.6,1.9,0.051,-0.3,-1,-1.3,0.3
147,Jeff Teague\teaguje01,PG,31,TOT,59,1464,14.6,0.557,0.239,0.403,1.9,8.6,5.2,30.7,1.4,1.1,16.8,19.5,1.9,0.6,2.5,0.082,-0.2,-1.3,-1.5,0.2
148,Tristan Thompson\thomptr01,PF,28,CLE,57,1721,16.8,0.54,0.041,0.286,14.5,22.9,18.6,10.5,0.9,2.5,14,18.3,2,1.1,3.1,0.085,-0.3,-1.3,-1.5,0.2
149,D.J. Augustin\augusdj01,PG,32,ORL,57,1420,14,0.554,0.436,0.393,1.6,7.8,4.6,26.8,1.2,0.1,13.7,19.1,2,0.9,2.9,0.098,-0.3,-1.3,-1.6,0.2
150,Tyler Herro\herroty01,SG,20,MIA,55,1508,12.5,0.55,0.472,0.158,1.2,14.9,8.3,12.7,1.1,0.6,11.4,22.3,0.2,1.3,1.6,0.05,-0.4,-1.2,-1.6,0.1
151,Aaron Holiday\holidaa01,PG,23,IND,66,1617,11.6,0.521,0.393,0.155,1.5,9,5.3,19.1,1.7,0.9,12.8,18.7,0.4,1.7,2.1,0.063,-1.6,0,-1.6,0.2
152,Kevin Huerter\huertke01,SG,21,ATL,56,1760,11.5,0.536,0.548,0.105,2.1,12,7,17.5,1.4,1.3,12,17.1,1,0.6,1.6,0.043,-0.7,-0.9,-1.6,0.2
153,P.J. Washington\washipj01,PF,21,CHO,58,1759,12.4,0.547,0.39,0.231,3.5,16.6,9.8,11.3,1.5,2.3,12.5,18.6,0.5,1.5,2,0.054,-1.7,0.1,-1.6,0.2
154,Glenn Robinson III\robingl02,SF,26,TOT,62,1786,13.3,0.577,0.333,0.145,4.8,11.9,8.2,8.4,1.5,0.8,8,16.4,2,0.9,2.9,0.078,-0.5,-1.2,-1.7,0.1
155,Markelle Fultz\fultzma01,PG,21,ORL,72,1996,14.3,0.517,0.175,0.206,2.1,11,6.4,29,2.2,0.5,14.9,21.4,0.6,2,2.7,0.065,-1.8,0,-1.8,0.1
156,Wesley Matthews\matthwe02,SG,33,MIL,67,1635,8.1,0.547,0.704,0.161,1.4,8.2,5,7.1,1.1,0.5,8.7,12.5,0.8,2.4,3.2,0.093,-2.6,0.7,-1.8,0.1
157,Josh Richardson\richajo01,SG,26,PHI,55,1693,12,0.533,0.385,0.218,2.7,8.7,5.7,13.9,1.5,1.8,12.8,20.6,0.5,1.7,2.1,0.061,-1.4,-0.4,-1.8,0.1
158,Collin Sexton\sextoco01,PG,21,CLE,65,2143,16.3,0.56,0.235,0.246,3.1,7.5,5.3,15.1,1.5,0.3,11.6,27.2,2.1,0.4,2.5,0.057,0.3,-2.1,-1.8,0.1
159,Tony Snell\snellto01,SF,28,DET,59,1641,9.7,0.598,0.665,0.084,0.6,7.1,3.8,10.9,1,0.8,7.3,11.4,2.1,0.5,2.6,0.076,-1.2,-0.6,-1.8,0.1
160,Sviatoslav Mykhailiuk\mykhasv01,SF,22,DET,56,1265,11.2,0.578,0.704,0.173,1.5,7.9,4.7,12.3,1.6,0.3,12.3,17.1,1,0.6,1.6,0.06,-0.7,-1.2,-1.9,0
161,P.J. Tucker\tuckepj01,PF,34,HOU,72,2467,8.3,0.559,0.702,0.113,4.7,15.6,10.1,6,1.4,1.2,13.9,8.7,1.6,2.4,4,0.078,-2.4,0.6,-1.9,0.1
162,Cory Joseph\josepco01,PG,28,SAC,72,1759,10.1,0.517,0.386,0.17,2.7,9.4,6,19.1,1.5,1.1,15.3,12.9,1.2,1.1,2.3,0.062,-2.1,0.1,-2,0
163,Landry Shamet\shamela01,SG,22,LAC,53,1452,8.5,0.58,0.757,0.194,0.4,6.6,3.6,9.1,0.7,0.6,9,13.4,1.5,1.1,2.6,0.086,-1.8,-0.3,-2.1,0
164,Damion Lee\leeda03,SG,27,GSW,49,1423,12.7,0.548,0.468,0.247,2.4,16.3,9.1,14.4,1.7,0.4,10.6,19,0.9,0.8,1.7,0.058,-1.5,-0.8,-2.3,-0.1
165,Kendrick Nunn\nunnke01,PG,24,MIA,67,1962,12.9,0.534,0.428,0.109,1.2,8.7,5.1,18.5,1.4,0.8,10.6,24.1,0.4,1.6,2,0.049,-1,-1.3,-2.3,-0.1
166,Wendell Carter Jr.\cartewe01,C,20,CHI,43,1256,15.5,0.59,0.085,0.443,11.6,24.6,17.8,6,1.3,2.7,14.9,16.4,1.7,1.6,3.3,0.127,-2.1,-0.3,-2.4,-0.1
167,Josh Okogie\okogijo01,SG,21,MIN,62,1547,11.5,0.553,0.387,0.48,5.7,12.8,9.1,8.9,2,1.4,15.3,15.1,0.9,1.2,2.2,0.068,-2.4,0,-2.4,-0.2
168,Miles Bridges\bridgmi02,SF,21,CHO,65,1995,12.1,0.52,0.398,0.174,4.6,15.6,9.9,9.4,1,2.2,10.5,20,0.3,1.3,1.6,0.039,-1.5,-1,-2.5,-0.3
169,Gary Harris\harriga01,SG,25,DEN,56,1780,9.7,0.519,0.405,0.177,1.6,8.6,5.1,8.9,2.1,0.7,9.7,15.1,0.5,1.4,1.9,0.052,-2.8,0.3,-2.5,-0.2
170,Austin Rivers\riverau01,SG,27,HOU,68,1594,10.4,0.542,0.539,0.222,1.8,9.8,5.8,10,1.4,0.5,8.3,15.6,1.2,1.2,2.4,0.072,-2.1,-0.4,-2.5,-0.2
171,Kyle Kuzma\kuzmaky01,PF,24,LAL,61,1526,12.2,0.531,0.407,0.232,3.8,15.7,9.8,7.6,0.9,1.5,11,22.9,0.1,1.9,2,0.063,-1.6,-1,-2.6,-0.2
172,Cedi Osman\osmande01,SF,24,CLE,65,1910,10.7,0.552,0.527,0.154,2.2,11.3,6.7,11.6,1.4,0.7,12.3,16.6,1,0.6,1.6,0.04,-1.7,-0.9,-2.6,-0.3
173,Bryn Forbes\forbebr01,SG,26,SAS,63,1579,11.1,0.57,0.656,0.155,0.8,7.8,4.3,9.5,1,0,8.4,18.5,1.3,0.3,1.5,0.047,-0.6,-2.1,-2.7,-0.3
174,Eric Paschall\pascher01,PF,23,GSW,60,1654,14.5,0.571,0.202,0.331,5.2,13.1,9,12.7,0.9,0.7,11.4,21.4,1.6,0.5,2.1,0.062,-0.7,-2,-2.7,-0.3
175,Coby White\whiteco01,PG,19,CHI,65,1674,11.9,0.506,0.475,0.163,1.8,14,7.6,16.5,1.4,0.3,11.4,24.4,-0.5,1.4,0.9,0.026,-1.2,-1.6,-2.8,-0.4
176,Taurean Prince\princta02,PF,25,BRK,64,1857,9.1,0.497,0.583,0.12,2.8,18.1,10.6,9.2,1.5,1.1,14,20.4,-1.7,2.3,0.6,0.014,-2.8,-0.1,-2.9,-0.4
177,Kent Bazemore\bazemke01,SF,30,TOT,68,1688,9.3,0.499,0.457,0.275,1.7,17.1,9.4,7.4,2.1,2.1,13.2,17.5,-0.9,1.5,0.6,0.017,-3.4,0.3,-3.1,-0.5
178,Rui Hachimura\hachiru01,PF,21,WAS,48,1444,13.5,0.535,0.16,0.257,5.7,17,11.1,8.8,1.2,0.5,8,19,1.3,0.5,1.8,0.06,-1.2,-2,-3.2,-0.4
179,Carmelo Anthony\anthoca01,PF,35,POR,58,1902,12.4,0.525,0.289,0.206,4,16.1,10.1,6.4,1.2,1.2,10.5,21.2,0.4,0.9,1.3,0.033,-1.8,-1.8,-3.6,-0.8
180,Jarrett Culver\culveja01,SG,20,MIN,63,1506,9.6,0.467,0.388,0.206,4.7,10.3,7.4,10.8,1.8,2.1,11.5,19.2,-1.2,1.1,-0.1,-0.004,-3.3,-0.7,-4,-0.8
181,Dillon Brooks\brookdi01,SG,24,MEM,73,2112,11.3,0.51,0.385,0.19,3.5,8.6,6.1,10.5,1.4,1.1,9.7,25.2,-0.4,1.6,1.2,0.027,-2.6,-1.4,-4.1,-1.1
182,Cam Reddish\reddica01,SF,20,ATL,58,1551,9,0.5,0.451,0.227,2.4,12.7,7.5,8,1.9,1.5,13.6,18.9,-1.2,0.8,-0.4,-0.011,-3.3,-1,-4.2,-0.9
183,RJ Barrett\barrerj01,SG,19,NYK,56,1704,10.7,0.479,0.271,0.349,3,14.8,8.7,12.8,1.6,0.9,12.9,24,-1.6,1.1,-0.5,-0.015,-2.9,-1.5,-4.3,-1
184,Anfernee Simons\simonan01,SG,20,POR,70,1449,9,0.502,0.422,0.172,1.8,9.1,5.5,9.2,0.9,0.6,9.6,18.7,0,0.1,0.2,0.005,-2.6,-1.9,-4.5,-0.9
185,De'Andre Hunter\huntede01,SF,22,ATL,63,2018,8.6,0.521,0.445,0.211,2.3,13.1,7.6,8,1,0.7,12.1,17.5,-0.4,0.5,0.1,0.002,-2.9,-1.8,-4.7,-1.4
186,Darius Garland\garlada01,SG,20,CLE,59,1824,8.5,0.498,0.423,0.103,1.6,5.2,3.4,18.5,1.1,0.2,17.1,20.7,-1.3,0,-1.3,-0.034,-2.7,-2.8,-5.6,-1.7
187,Jordan Poole\poolejo01,SG,20,GSW,57,1274,7.2,0.454,0.528,0.237,0.7,9.6,5,15.8,1.3,0.7,11.8,21.1,-1.6,0.4,-1.2,-0.047,-4.4,-2.2,-6.6,-1.5